DROP TABLE attachment;
CREATE TABLE attachment (id bigint NOT NULL AUTO_INCREMENT COMMENT '主键', businessType varchar(100) COMMENT '业务类型', businessId bigint COMMENT '业务编号', fileName varchar(100) COMMENT '文件名', fileType varchar(100) COMMENT '文件类型', fileBinaryData mediumblob COMMENT '文件二进制数据集', remark varchar(500) COMMENT '备注', yn int(1) COMMENT '是否有效', createTime datetime COMMENT '创建时间', createUser varchar(50) COMMENT '创建人账户', updateTime datetime COMMENT '修改时间', updateUser varchar(50) COMMENT '修改人账户', PRIMARY KEY (id)) ENGINE=InnoDB DEFAULT CHARSET=utf8;
DROP TABLE authority;
CREATE TABLE authority (id bigint NOT NULL AUTO_INCREMENT COMMENT '主键', name varchar(100) COMMENT '权限名称', uri varchar(50) COMMENT '权限访问地址', code varchar(50) COMMENT '权限编码', parentId bigint COMMENT '父编号', yn int(1) COMMENT '是否有效', createTime datetime COMMENT '创建时间', createUser varchar(50) COMMENT '创建人账户', updateTime datetime COMMENT '修改时间', updateUser varchar(50) COMMENT '修改人账户', PRIMARY KEY (id)) ENGINE=InnoDB DEFAULT CHARSET=utf8;
INSERT INTO authority (id, name, uri, code, parentId, yn, createTime, createUser, updateTime, updateUser) VALUES (1, '人才管理', '/candidate/workspace.do', null, null, null, null, null, null, null);
INSERT INTO authority (id, name, uri, code, parentId, yn, createTime, createUser, updateTime, updateUser) VALUES (2, '项目管理', '/project/workspace.do', null, null, null, null, null, null, null);
INSERT INTO authority (id, name, uri, code, parentId, yn, createTime, createUser, updateTime, updateUser) VALUES (3, '寻访管理', '/search/workspace.do', null, null, null, null, null, null, null);
INSERT INTO authority (id, name, uri, code, parentId, yn, createTime, createUser, updateTime, updateUser) VALUES (4, '客户管理', '/company/workspace.do', null, null, null, null, null, null, null);
INSERT INTO authority (id, name, uri, code, parentId, yn, createTime, createUser, updateTime, updateUser) VALUES (5, '职位管理', '/position/workspace.do', null, null, null, null, null, null, null);
INSERT INTO authority (id, name, uri, code, parentId, yn, createTime, createUser, updateTime, updateUser) VALUES (6, 'List管理', '/list/workspace.do', null, null, null, null, null, null, null);
INSERT INTO authority (id, name, uri, code, parentId, yn, createTime, createUser, updateTime, updateUser) VALUES (7, '财务管理', '/finance/workspace.do', null, null, null, null, null, null, null);
INSERT INTO authority (id, name, uri, code, parentId, yn, createTime, createUser, updateTime, updateUser) VALUES (8, '统计报表', '/report/workspace.do', null, null, null, null, null, null, null);
INSERT INTO authority (id, name, uri, code, parentId, yn, createTime, createUser, updateTime, updateUser) VALUES (9, '办公管理', '/office/workspace.do', null, null, null, null, null, null, null);
INSERT INTO authority (id, name, uri, code, parentId, yn, createTime, createUser, updateTime, updateUser) VALUES (10, '联系人管理', '/contact/workspace.do', null, null, null, null, null, null, null);
INSERT INTO authority (id, name, uri, code, parentId, yn, createTime, createUser, updateTime, updateUser) VALUES (11, '编辑联系人', '/contact/editView.do', null, 10, null, null, null, null, null);
DROP TABLE candidate;
CREATE TABLE candidate (id bigint NOT NULL AUTO_INCREMENT COMMENT '候选人编号,主键', code varchar(100) COMMENT '编号', name varchar(100) COMMENT '姓名', sexId int(1) COMMENT '性别', birthday datetime COMMENT '出生日期', mobile varchar(20) COMMENT '手机', telephone varchar(20) COMMENT '家庭电话', email varchar(50) COMMENT '电子邮箱', otherContact varchar(100) COMMENT '电子邮箱', degreeId bigint COMMENT '学历', maritalId bigint COMMENT '婚姻状况', cityId bigint COMMENT '所在地', workYears int COMMENT '工作年限', overseasExperience int(1) COMMENT '海外经历', industryId bigint COMMENT '行业编号', companyId bigint COMMENT '目前公司', positionId bigint COMMENT '目前职位', currentAnnualSalary varchar(50) COMMENT '目前年薪', jobHuntingStatusId bigint COMMENT '求职状态', strengthsAndWeaknesses varchar(500) COMMENT '优劣势', keyword varchar(100) COMMENT '搜索关键字', remark varchar(500) COMMENT '其他信息', favoriteId bigint COMMENT '收藏夹', folderId bigint COMMENT '目录', sourceId bigint COMMENT '来源', uploaderId bigint COMMENT '上传者', yn int(1) COMMENT '是否有效', createTime datetime COMMENT '创建时间', createUser varchar(50) COMMENT '创建人账户', updateTime datetime COMMENT '修改时间', updateUser varchar(50) COMMENT '修改人账户', PRIMARY KEY (id)) ENGINE=InnoDB DEFAULT CHARSET=utf8 COMMENT='候选人';
INSERT INTO candidate (id, code, name, sexId, birthday, mobile, telephone, email, otherContact, degreeId, maritalId, cityId, workYears, overseasExperience, industryId, companyId, positionId, currentAnnualSalary, jobHuntingStatusId, strengthsAndWeaknesses, keyword, remark, favoriteId, folderId, sourceId, uploaderId, yn, createTime, createUser, updateTime, updateUser) VALUES (1, null, null, null, null, null, null, null, null, null, null, null, null, null, null, null, null, null, null, null, null, null, null, null, null, null, 1, '2017-01-20 09:09:51', null, '2017-01-20 09:09:51', null);
INSERT INTO candidate (id, code, name, sexId, birthday, mobile, telephone, email, otherContact, degreeId, maritalId, cityId, workYears, overseasExperience, industryId, companyId, positionId, currentAnnualSalary, jobHuntingStatusId, strengthsAndWeaknesses, keyword, remark, favoriteId, folderId, sourceId, uploaderId, yn, createTime, createUser, updateTime, updateUser) VALUES (2, '1', '1', 96, '2017-01-20 00:00:00', '1', '1', '1@aa.com', '1', 136, 98, 108, 1, 1, 106, null, null, '1.0', 139, null, null, '1', null, null, null, null, 1, '2017-01-20 09:10:57', null, '2017-01-20 09:10:57', null);
INSERT INTO candidate (id, code, name, sexId, birthday, mobile, telephone, email, otherContact, degreeId, maritalId, cityId, workYears, overseasExperience, industryId, companyId, positionId, currentAnnualSalary, jobHuntingStatusId, strengthsAndWeaknesses, keyword, remark, favoriteId, folderId, sourceId, uploaderId, yn, createTime, createUser, updateTime, updateUser) VALUES (3, '23', '23', 97, '2017-01-22 00:00:00', '23', '23', '21233333@163.com', '2343', 138, 100, 109, 343, 0, 107, 150, 135, '234.033', 140, '3433', '2333', '2333', null, 154, 157, 3, 1, '2017-01-20 14:21:33', null, '2017-01-20 14:54:31', null);
DROP TABLE certificate;
CREATE TABLE certificate (id bigint NOT NULL AUTO_INCREMENT COMMENT '证书编号,主键', candidateId bigint COMMENT '人才，外键', certificateId bigint COMMENT '证书，外键', acquireDate date COMMENT '获得日期', PRIMARY KEY (id)) ENGINE=InnoDB DEFAULT CHARSET=utf8 COMMENT='证书';
DROP TABLE company;
CREATE TABLE company (id bigint NOT NULL AUTO_INCREMENT COMMENT '主键', companyTypeId bigint COMMENT '公司类型外键', name varchar(100) COMMENT '公司名称', fullName varchar(100) COMMENT '公司全名', cityId bigint COMMENT '所属城市外键', phone varchar(50) COMMENT '公司电话', webSite varchar(100) COMMENT '公司网址', address varchar(100) COMMENT '公司地址', email varchar(50) COMMENT '公司邮箱', fax varchar(50) COMMENT '公司传真', maintainerId bigint COMMENT '客户维护人外键', folderId bigint COMMENT '客户所属文件夹外键', staffCount int COMMENT '公司员工数量', natureId bigint COMMENT '公司性质外键', products varchar(200) COMMENT '公司产品', registeredCapital double COMMENT '注册资金', legalPerson varchar(50) COMMENT '法人', propertyRightStructureId bigint COMMENT '产权结构外键', intro varchar(500) COMMENT '企业介绍', keyword varchar(100) COMMENT '搜索关键字', businessDeveloperId bigint COMMENT '客户开发者外键', remark varchar(500) COMMENT '企业备注', yn int(1) COMMENT '是否有效', createTime datetime COMMENT '创建时间', createUser varchar(50) COMMENT '创建人账户', updateTime datetime COMMENT '修改时间', updateUser varchar(50) COMMENT '修改人账户', PRIMARY KEY (id)) ENGINE=InnoDB DEFAULT CHARSET=utf8 COMMENT='客户表';
INSERT INTO company (id, companyTypeId, name, fullName, cityId, phone, webSite, address, email, fax, maintainerId, folderId, staffCount, natureId, products, registeredCapital, legalPerson, propertyRightStructureId, intro, keyword, businessDeveloperId, remark, yn, createTime, createUser, updateTime, updateUser) VALUES (1, null, '1', '1', 18, '1', '1', '1', '1', '1', null, null, 1, null, '1', 1.0, '1', null, '1', '1', null, '1', 1, '2016-12-02 11:12:36', null, '2017-01-04 14:42:35', null);
INSERT INTO company (id, companyTypeId, name, fullName, cityId, phone, webSite, address, email, fax, maintainerId, folderId, staffCount, natureId, products, registeredCapital, legalPerson, propertyRightStructureId, intro, keyword, businessDeveloperId, remark, yn, createTime, createUser, updateTime, updateUser) VALUES (2, null, '2', '2', 18, '2', '2', '2', '2', '2', null, null, 2, null, '2', 2.0, '2', null, '2', '2', null, '2', 1, '2016-12-02 11:12:53', null, '2017-01-04 14:42:35', null);
INSERT INTO company (id, companyTypeId, name, fullName, cityId, phone, webSite, address, email, fax, maintainerId, folderId, staffCount, natureId, products, registeredCapital, legalPerson, propertyRightStructureId, intro, keyword, businessDeveloperId, remark, yn, createTime, createUser, updateTime, updateUser) VALUES (3, null, '', '', 108, '', '', '', '', '', null, null, null, 110, '', null, '', 114, '', '', null, '', 1, '2016-12-13 15:31:13', null, '2017-01-04 14:42:35', null);
INSERT INTO company (id, companyTypeId, name, fullName, cityId, phone, webSite, address, email, fax, maintainerId, folderId, staffCount, natureId, products, registeredCapital, legalPerson, propertyRightStructureId, intro, keyword, businessDeveloperId, remark, yn, createTime, createUser, updateTime, updateUser) VALUES (4, null, '', '', 108, '', '', '', '', '', null, null, null, 110, '', null, '', 114, '', '', null, '', 1, '2016-12-13 16:02:42', null, '2017-01-04 14:42:35', null);
INSERT INTO company (id, companyTypeId, name, fullName, cityId, phone, webSite, address, email, fax, maintainerId, folderId, staffCount, natureId, products, registeredCapital, legalPerson, propertyRightStructureId, intro, keyword, businessDeveloperId, remark, yn, createTime, createUser, updateTime, updateUser) VALUES (5, null, '11', '111', 108, '1', '3333', '3', '3', '3', null, null, 3, 110, '3', 3.0, '3', 114, '3', '3', null, '3', 1, '2016-12-15 16:57:56', null, '2017-01-04 14:42:39', null);
INSERT INTO company (id, companyTypeId, name, fullName, cityId, phone, webSite, address, email, fax, maintainerId, folderId, staffCount, natureId, products, registeredCapital, legalPerson, propertyRightStructureId, intro, keyword, businessDeveloperId, remark, yn, createTime, createUser, updateTime, updateUser) VALUES (6, null, '1231', '12312', 108, '', '', '', '', '', null, null, null, 110, '', null, '', 114, '', '', null, '', 1, '2016-12-15 16:58:22', null, '2017-01-04 14:43:42', null);
INSERT INTO company (id, companyTypeId, name, fullName, cityId, phone, webSite, address, email, fax, maintainerId, folderId, staffCount, natureId, products, registeredCapital, legalPerson, propertyRightStructureId, intro, keyword, businessDeveloperId, remark, yn, createTime, createUser, updateTime, updateUser) VALUES (7, 101, 'werwr', '', 109, '', '', '', '', '', null, null, null, 110, '', null, '', 114, '', '', null, '', 1, '2016-12-15 17:01:12', null, '2017-01-04 14:42:20', null);
INSERT INTO company (id, companyTypeId, name, fullName, cityId, phone, webSite, address, email, fax, maintainerId, folderId, staffCount, natureId, products, registeredCapital, legalPerson, propertyRightStructureId, intro, keyword, businessDeveloperId, remark, yn, createTime, createUser, updateTime, updateUser) VALUES (8, 101, '131', '', 108, '', '', '', '', '', null, null, null, 110, '', null, '', 114, '', '', null, '', 1, '2016-12-15 17:09:44', null, '2016-12-20 22:58:33', null);
INSERT INTO company (id, companyTypeId, name, fullName, cityId, phone, webSite, address, email, fax, maintainerId, folderId, staffCount, natureId, products, registeredCapital, legalPerson, propertyRightStructureId, intro, keyword, businessDeveloperId, remark, yn, createTime, createUser, updateTime, updateUser) VALUES (9, 103, '2432', '北京鑫思达商务咨询有限公司', 108, '12421432', '1234123', '412341234', '2134123', '41234123', null, null, 41234, 111, '234', 234.0, '23423', 116, '23423', '23432', null, 'VARCHARVARCHARVARCHAR', 1, '2016-12-15 17:11:12', null, '2016-12-20 22:58:16', null);
INSERT INTO company (id, companyTypeId, name, fullName, cityId, phone, webSite, address, email, fax, maintainerId, folderId, staffCount, natureId, products, registeredCapital, legalPerson, propertyRightStructureId, intro, keyword, businessDeveloperId, remark, yn, createTime, createUser, updateTime, updateUser) VALUES (10, 104, '科瑞1', '科瑞xx公司1', 108, '46461', '4361', '4561', '14361', '461', null, null, 54651, 111, '145451', 4.01, '5641', 114, '5644651', '牛逼公司1', null, '4561', 1, '2017-01-04 14:35:01', null, '2017-01-04 14:35:59', null);
DROP TABLE companyfolder;
CREATE TABLE companyfolder (id bigint NOT NULL AUTO_INCREMENT COMMENT '主键', companyId bigint COMMENT '公司外键', folderId bigint COMMENT '目录外键', PRIMARY KEY (id)) ENGINE=InnoDB DEFAULT CHARSET=utf8 COMMENT='公司所属目录表';
INSERT INTO companyfolder (id, companyId, folderId) VALUES (41, 9, 121);
INSERT INTO companyfolder (id, companyId, folderId) VALUES (42, 9, 123);
INSERT INTO companyfolder (id, companyId, folderId) VALUES (43, 9, 119);
INSERT INTO companyfolder (id, companyId, folderId) VALUES (44, 9, 122);
INSERT INTO companyfolder (id, companyId, folderId) VALUES (45, 10, 121);
INSERT INTO companyfolder (id, companyId, folderId) VALUES (46, 10, 123);
DROP TABLE companyindustry;
CREATE TABLE companyindustry (id bigint NOT NULL AUTO_INCREMENT COMMENT '主键', companyId bigint COMMENT '公司外键', industryId bigint COMMENT '行业外键', PRIMARY KEY (id)) ENGINE=InnoDB DEFAULT CHARSET=utf8 COMMENT='公司所属行业表';
INSERT INTO companyindustry (id, companyId, industryId) VALUES (148, 9, 106);
INSERT INTO companyindustry (id, companyId, industryId) VALUES (149, 8, 107);
INSERT INTO companyindustry (id, companyId, industryId) VALUES (152, 10, 106);
DROP TABLE contact;
CREATE TABLE contact (id bigint NOT NULL AUTO_INCREMENT COMMENT '客户编号,主键', importantLevelId bigint COMMENT '重要级别外键', companyId bigint COMMENT '所属公司外键', name varchar(100) COMMENT '名称', englishName varchar(100) COMMENT '英文姓名', sexId bigint COMMENT '性别外键', department varchar(100) COMMENT '部门', position varchar(100) COMMENT '职位', companyPhone varchar(50) COMMENT '公司电话', mobilePhone varchar(50) COMMENT '手机', companyFax varchar(100) COMMENT '公司传真', email varchar(50) COMMENT '邮箱', otherContact varchar(50) COMMENT '其他联系方式', birthday date COMMENT '生日', maintainerId bigint COMMENT '客户维护人外键', remark varchar(500) COMMENT '备注', yn int(1) COMMENT '是否有效', createTime datetime COMMENT '创建时间', createUser varchar(50) COMMENT '创建人账户', updateTime datetime COMMENT '修改时间', updateUser varchar(50) COMMENT '修改人账户', PRIMARY KEY (id)) ENGINE=InnoDB DEFAULT CHARSET=utf8 COMMENT='联系人表';
INSERT INTO contact (id, importantLevelId, companyId, name, englishName, sexId, department, position, companyPhone, mobilePhone, companyFax, email, otherContact, birthday, maintainerId, remark, yn, createTime, createUser, updateTime, updateUser) VALUES (1, null, null, '1', '11', 1, '1', '1', '11', '1', '1', '1', '1', null, null, '1', 1, '2016-12-01 18:07:29', null, '2016-12-01 18:07:29', null);
INSERT INTO contact (id, importantLevelId, companyId, name, englishName, sexId, department, position, companyPhone, mobilePhone, companyFax, email, otherContact, birthday, maintainerId, remark, yn, createTime, createUser, updateTime, updateUser) VALUES (2, 125, 7, '张三1', 'sdfs1', 97, 'sdfsd1', 'sdf1', 'sdfds1', 'sdf1', 'sdfs1', 'dfdsf1', 'sdfsd1', '2016-12-31', null, 'sdfsdf11', 0, '2016-12-21 00:02:51', null, '2017-01-13 13:25:24', null);
INSERT INTO contact (id, importantLevelId, companyId, name, englishName, sexId, department, position, companyPhone, mobilePhone, companyFax, email, otherContact, birthday, maintainerId, remark, yn, createTime, createUser, updateTime, updateUser) VALUES (3, 124, 9, '张三', 'zhangsan', 96, '研发部', '开发工程师', '136524972', '136524972', '136524972', 'swf@aa.com', 'sdfadsf', '2016-12-23', null, 'sdfsaf', 1, '2016-12-21 10:12:15', null, '2016-12-21 10:12:15', null);
INSERT INTO contact (id, importantLevelId, companyId, name, englishName, sexId, department, position, companyPhone, mobilePhone, companyFax, email, otherContact, birthday, maintainerId, remark, yn, createTime, createUser, updateTime, updateUser) VALUES (4, 124, 6, '1231网二', 'wang''er', 97, '232', '234急急急', '234急急急', '234急急急', '234急急急', '234急急急', '234急急急', '2017-01-04', null, '234急急急', 1, '2017-01-04 14:25:34', null, '2017-01-04 14:25:34', null);
INSERT INTO contact (id, importantLevelId, companyId, name, englishName, sexId, department, position, companyPhone, mobilePhone, companyFax, email, otherContact, birthday, maintainerId, remark, yn, createTime, createUser, updateTime, updateUser) VALUES (5, 124, 9, '123', '123', 96, '123', '123', '123', '123', '123', '213', '123', '2017-01-07', null, '123123', 1, '2017-01-04 14:45:18', null, '2017-01-04 14:45:27', null);
DROP TABLE educationexperience;
CREATE TABLE educationexperience (id bigint NOT NULL AUTO_INCREMENT COMMENT '工作经历编号,主键', candidateId bigint COMMENT '人才，外键', schoolId bigint COMMENT '学习，外键', startDate date COMMENT '开始日期', endDate date COMMENT '结束日期', degreeId bigint COMMENT '学历，外键', majorId bigint COMMENT '专业，外键', typeId bigint COMMENT '类型，外键', PRIMARY KEY (id)) ENGINE=InnoDB DEFAULT CHARSET=utf8 COMMENT='教育经历';
DROP TABLE languageability;
CREATE TABLE languageability (id bigint NOT NULL AUTO_INCREMENT COMMENT '语言能力编号,主键', candidateId bigint COMMENT '人才，外键', languageId bigint COMMENT '语言，外键', readAndWriteId bigint COMMENT '读写能力，外键', listenAndSpeakingId bigint COMMENT '听说能力，外键', PRIMARY KEY (id)) ENGINE=InnoDB DEFAULT CHARSET=utf8 COMMENT='语言能力';
DROP TABLE position;
CREATE TABLE position (id bigint NOT NULL AUTO_INCREMENT COMMENT '客户编号,主键', companyId bigint COMMENT '所属公司外键', contactId bigint COMMENT '职位联系人外键', code varchar(50) COMMENT '职位编号', name varchar(100) COMMENT '职位名称', priorityId bigint COMMENT '优先级外键', industryId bigint COMMENT '所属公司外键', functionId bigint COMMENT '职能外键', cityId bigint COMMENT '所属城市外键', fameCompanyBackgroundId bigint COMMENT '名企背景外键', nationalityId bigint COMMENT '国籍外键', degreeId bigint COMMENT '学历外键', minAge int COMMENT '年龄要求', maxAge int COMMENT '年龄要求', minWorkYears int COMMENT '工作年限要求', maxWorkYears int COMMENT '工作年限要求', minAnnualSalary double COMMENT '年薪范围', maxAnnualSalary double COMMENT '年薪范围', sexId bigint COMMENT '性别外键', address varchar(100) COMMENT '招聘地址', description varchar(500) COMMENT '职位描述', brightAndAdvantage varchar(500) COMMENT '职位亮点及优势', processAndLeaderIntro varchar(500) COMMENT '流程及领导介绍', salaryStructure varchar(500) COMMENT '薪资结构', searchDirection varchar(500) COMMENT '寻访方向', businessDeveloperId bigint COMMENT '业务开发人外键', remark varchar(500) COMMENT '备注', yn int(1) COMMENT '是否有效', createTime datetime COMMENT '创建时间', createUser varchar(50) COMMENT '创建人账户', updateTime datetime COMMENT '修改时间', updateUser varchar(50) COMMENT '修改人账户', PRIMARY KEY (id)) ENGINE=InnoDB DEFAULT CHARSET=utf8 COMMENT='职位表';
INSERT INTO position (id, companyId, contactId, code, name, priorityId, industryId, functionId, cityId, fameCompanyBackgroundId, nationalityId, degreeId, minAge, maxAge, minWorkYears, maxWorkYears, minAnnualSalary, maxAnnualSalary, sexId, address, description, brightAndAdvantage, processAndLeaderIntro, salaryStructure, searchDirection, businessDeveloperId, remark, yn, createTime, createUser, updateTime, updateUser) VALUES (1, 7, 2, '12', '12', 142, 106, 127, 109, 144, 133, 138, 12, 12, 12, 12, 1.02, 1.02, 97, '21', '12', '12', '12', '12', '12', null, '12', 0, '2016-12-23 17:10:09', null, '2017-01-16 13:35:29', null);
INSERT INTO position (id, companyId, contactId, code, name, priorityId, industryId, functionId, cityId, fameCompanyBackgroundId, nationalityId, degreeId, minAge, maxAge, minWorkYears, maxWorkYears, minAnnualSalary, maxAnnualSalary, sexId, address, description, brightAndAdvantage, processAndLeaderIntro, salaryStructure, searchDirection, businessDeveloperId, remark, yn, createTime, createUser, updateTime, updateUser) VALUES (2, 9, 3, '115', '225', 141, 107, 126, 108, 144, 133, 137, 1, 1, 1, 1, 1.0, 1.0, 97, '15', '15', '15', '15', '15', '15', null, '15', 1, '2016-12-26 16:59:16', null, '2017-01-04 14:45:41', null);
INSERT INTO position (id, companyId, contactId, code, name, priorityId, industryId, functionId, cityId, fameCompanyBackgroundId, nationalityId, degreeId, minAge, maxAge, minWorkYears, maxWorkYears, minAnnualSalary, maxAnnualSalary, sexId, address, description, brightAndAdvantage, processAndLeaderIntro, salaryStructure, searchDirection, businessDeveloperId, remark, yn, createTime, createUser, updateTime, updateUser) VALUES (3, 9, 3, 'KFGCS', '开发工程师', 142, 106, 127, 109, 143, 133, 137, 35, 40, 5, null, 30.0, null, 97, '北京大兴亦庄', '还不错', '还不错', '还不错', '还不错', '还不错', null, '还不错', 1, '2017-01-04 13:57:38', null, '2017-01-04 14:45:41', null);
INSERT INTO position (id, companyId, contactId, code, name, priorityId, industryId, functionId, cityId, fameCompanyBackgroundId, nationalityId, degreeId, minAge, maxAge, minWorkYears, maxWorkYears, minAnnualSalary, maxAnnualSalary, sexId, address, description, brightAndAdvantage, processAndLeaderIntro, salaryStructure, searchDirection, businessDeveloperId, remark, yn, createTime, createUser, updateTime, updateUser) VALUES (4, 9, 3, '8', '8', 141, 107, 126, 108, 143, 132, 136, 8, null, 8, null, 8.0, null, 96, '8', '8', '8', '8', '8', '8', null, '8', 1, '2017-01-04 14:06:41', null, '2017-01-04 14:45:36', null);
INSERT INTO position (id, companyId, contactId, code, name, priorityId, industryId, functionId, cityId, fameCompanyBackgroundId, nationalityId, degreeId, minAge, maxAge, minWorkYears, maxWorkYears, minAnnualSalary, maxAnnualSalary, sexId, address, description, brightAndAdvantage, processAndLeaderIntro, salaryStructure, searchDirection, businessDeveloperId, remark, yn, createTime, createUser, updateTime, updateUser) VALUES (5, 7, 2, '9', '9', 141, 106, 126, 109, 143, 132, 136, 9, 99, 9, 9, 9.0, 9.0, 96, '9', '9', '9', '9', '9', '9', null, '9', 1, '2017-01-04 14:09:36', null, '2017-01-04 14:09:36', null);
INSERT INTO position (id, companyId, contactId, code, name, priorityId, industryId, functionId, cityId, fameCompanyBackgroundId, nationalityId, degreeId, minAge, maxAge, minWorkYears, maxWorkYears, minAnnualSalary, maxAnnualSalary, sexId, address, description, brightAndAdvantage, processAndLeaderIntro, salaryStructure, searchDirection, businessDeveloperId, remark, yn, createTime, createUser, updateTime, updateUser) VALUES (6, 7, 2, '6', '6', 141, 106, 126, 109, 144, 133, 137, 6, 6, 6, 6, 6.0, 6.0, 96, '666', '6', '6', '6', '6', '6', null, '6', 1, '2017-01-04 14:20:32', null, '2017-01-04 14:22:20', null);
DROP TABLE positionlanguage;
CREATE TABLE positionlanguage (id bigint NOT NULL AUTO_INCREMENT COMMENT '主键', positionId bigint COMMENT '职位外键', languageId bigint COMMENT '语言外键', PRIMARY KEY (id)) ENGINE=InnoDB DEFAULT CHARSET=utf8 COMMENT='职位要求的语言';
INSERT INTO positionlanguage (id, positionId, languageId) VALUES (20, 2, 129);
INSERT INTO positionlanguage (id, positionId, languageId) VALUES (21, 1, 128);
INSERT INTO positionlanguage (id, positionId, languageId) VALUES (22, 1, 129);
INSERT INTO positionlanguage (id, positionId, languageId) VALUES (23, 3, 128);
INSERT INTO positionlanguage (id, positionId, languageId) VALUES (24, 3, 129);
INSERT INTO positionlanguage (id, positionId, languageId) VALUES (25, null, 128);
INSERT INTO positionlanguage (id, positionId, languageId) VALUES (26, null, 129);
INSERT INTO positionlanguage (id, positionId, languageId) VALUES (30, 6, 128);
INSERT INTO positionlanguage (id, positionId, languageId) VALUES (31, 6, 129);
DROP TABLE positiontag;
CREATE TABLE positiontag (id bigint NOT NULL AUTO_INCREMENT COMMENT '主键', positionId bigint COMMENT '职位外键', tagId bigint COMMENT '标签外键', PRIMARY KEY (id)) ENGINE=InnoDB DEFAULT CHARSET=utf8 COMMENT='职位标签';
INSERT INTO positiontag (id, positionId, tagId) VALUES (11, 2, 131);
INSERT INTO positiontag (id, positionId, tagId) VALUES (12, 1, 131);
INSERT INTO positiontag (id, positionId, tagId) VALUES (13, 1, 130);
INSERT INTO positiontag (id, positionId, tagId) VALUES (14, null, 130);
INSERT INTO positiontag (id, positionId, tagId) VALUES (15, null, 131);
INSERT INTO positiontag (id, positionId, tagId) VALUES (16, 3, 130);
INSERT INTO positiontag (id, positionId, tagId) VALUES (17, 3, 131);
INSERT INTO positiontag (id, positionId, tagId) VALUES (18, null, 130);
INSERT INTO positiontag (id, positionId, tagId) VALUES (19, null, 131);
INSERT INTO positiontag (id, positionId, tagId) VALUES (23, 6, 130);
INSERT INTO positiontag (id, positionId, tagId) VALUES (24, 6, 131);
DROP TABLE project;
CREATE TABLE project (id bigint NOT NULL AUTO_INCREMENT COMMENT '客户编号,主键', code varchar(50) COMMENT '项目编号', name varchar(50) COMMENT '项目名称', companyId bigint COMMENT '所属公司，外键', positionId bigint COMMENT '职位，外键', contactId bigint COMMENT '联系人，外键', importantLevelId bigint COMMENT '重要程度，外键', startDate date COMMENT '开始日期', endDate date COMMENT '结束日期', managerId bigint COMMENT '项目经理，外键', statusId bigint COMMENT '状态外键', share int COMMENT '是否共享', remark varchar(500) COMMENT '备注', yn int(1) COMMENT '是否有效', createTime datetime COMMENT '创建时间', createUser varchar(50) COMMENT '创建人账户', updateTime datetime COMMENT '修改时间', updateUser varchar(50) COMMENT '修改人账户', PRIMARY KEY (id)) ENGINE=InnoDB DEFAULT CHARSET=utf8 COMMENT='项目表';
INSERT INTO project (id, code, name, companyId, positionId, contactId, importantLevelId, startDate, endDate, managerId, statusId, share, remark, yn, createTime, createUser, updateTime, updateUser) VALUES (1, '', '1', 7, 1, 2, 146, null, null, 1, 147, 0, '', 1, null, '2016-12-02 09:08:17', '2017-01-16 14:56:48', '2016-12-02 09:08:17');
INSERT INTO project (id, code, name, companyId, positionId, contactId, importantLevelId, startDate, endDate, managerId, statusId, share, remark, yn, createTime, createUser, updateTime, updateUser) VALUES (2, '1', '1', 9, 2, 3, 146, null, null, 2, 147, 1, '1', 1, null, '2016-12-02 09:58:31', '2017-01-16 15:48:05', '2016-12-02 09:58:31');
INSERT INTO project (id, code, name, companyId, positionId, contactId, importantLevelId, startDate, endDate, managerId, statusId, share, remark, yn, createTime, createUser, updateTime, updateUser) VALUES (3, '3', '3', 9, 3, 5, 146, null, null, 3, 147, 1, '155456456', 1, null, '2016-12-02 11:07:07', '2017-01-16 15:48:16', '2016-12-02 11:07:07');
INSERT INTO project (id, code, name, companyId, positionId, contactId, importantLevelId, startDate, endDate, managerId, statusId, share, remark, yn, createTime, createUser, updateTime, updateUser) VALUES (4, 'HR Director', 'HR总监', 10, null, null, 146, '2017-01-13', '2017-12-10', 2, 147, 1, 'HR总监,HR Director', 1, null, '2017-01-11 18:12:25', '2017-01-16 15:48:16', '2017-01-11 18:12:25');
DROP TABLE projectassistant;
CREATE TABLE projectassistant (id bigint NOT NULL AUTO_INCREMENT COMMENT '主键', projectId bigint COMMENT '项目外键', assistantId bigint COMMENT '助理(user)外键', PRIMARY KEY (id)) ENGINE=InnoDB DEFAULT CHARSET=utf8 COMMENT='项目助理';
INSERT INTO projectassistant (id, projectId, assistantId) VALUES (4, 4, 2);
INSERT INTO projectassistant (id, projectId, assistantId) VALUES (5, 2, 1);
DROP TABLE projectconsultant;
CREATE TABLE projectconsultant (id bigint NOT NULL AUTO_INCREMENT COMMENT '主键', projectId bigint COMMENT '项目外键', consultantId bigint COMMENT '顾问(user)外键', PRIMARY KEY (id)) ENGINE=InnoDB DEFAULT CHARSET=utf8 COMMENT='项目顾问';
INSERT INTO projectconsultant (id, projectId, consultantId) VALUES (4, 4, 1);
INSERT INTO projectconsultant (id, projectId, consultantId) VALUES (5, 2, 3);
DROP TABLE projectexperience;
CREATE TABLE projectexperience (id bigint NOT NULL AUTO_INCREMENT COMMENT '项目编号,主键', candidateId bigint COMMENT '人才，外键', name varchar(100) COMMENT '项目名称', startDate date COMMENT '开始日期', endDate date COMMENT '结束日期', isIt int(1) COMMENT '是否IT项目', projectDescription varchar(500) COMMENT '项目介绍', softwareEnvironment varchar(100) COMMENT '软件环境', hardwareEnvironment varchar(100) COMMENT '硬件环境', developTool varchar(100) COMMENT '开发工具', position varchar(50) COMMENT '项目职务', responsibility varchar(500) COMMENT '工作职责', PRIMARY KEY (id)) ENGINE=InnoDB DEFAULT CHARSET=utf8 COMMENT='项目经历';
DROP TABLE resume;
CREATE TABLE resume (candidateId bigint NOT NULL COMMENT '主键，候选人外键', name varchar(100) COMMENT '名称', attachmentId mediumblob COMMENT '简历附件编号', textResume mediumtext COMMENT '文本简历', yn int(1) COMMENT '是否有效', createTime datetime COMMENT '创建时间', createUser varchar(50) COMMENT '创建人账户', updateTime datetime COMMENT '修改时间', updateUser varchar(50) COMMENT '修改人账户', PRIMARY KEY (candidateId)) ENGINE=InnoDB DEFAULT CHARSET=utf8;
DROP TABLE resumeindextask;
CREATE TABLE resumeindextask (id bigint NOT NULL AUTO_INCREMENT COMMENT '简历索引任务编号,主键', resumeId bigint COMMENT '简历编号', status int COMMENT '任务状态', yn int COMMENT '任务是否有效', createTime datetime COMMENT '任务创建时间', updateTime datetime COMMENT '任务修改时间', PRIMARY KEY (id)) ENGINE=InnoDB DEFAULT CHARSET=utf8 COMMENT='创建简历索引的任务表';
INSERT INTO resumeindextask (id, resumeId, status, yn, createTime, updateTime) VALUES (151, 1, 1, 1, '2017-01-20 09:09:51', '2017-01-20 09:09:51');
INSERT INTO resumeindextask (id, resumeId, status, yn, createTime, updateTime) VALUES (152, 2, 1, 1, '2017-01-20 09:10:57', '2017-01-20 09:10:57');
INSERT INTO resumeindextask (id, resumeId, status, yn, createTime, updateTime) VALUES (158, 3, 1, 1, '2017-01-20 14:21:33', '2017-01-20 14:21:33');
INSERT INTO resumeindextask (id, resumeId, status, yn, createTime, updateTime) VALUES (159, 3, 1, 1, '2017-01-20 14:54:31', '2017-01-20 14:54:31');
DROP TABLE role;
CREATE TABLE role (id bigint NOT NULL AUTO_INCREMENT COMMENT '主键', name varchar(100) COMMENT '角色名称', code varchar(50) COMMENT '角色编码', yn int(1) COMMENT '是否有效', createTime datetime COMMENT '创建时间', createUser varchar(50) COMMENT '创建人账户', updateTime datetime COMMENT '修改时间', updateUser varchar(50) COMMENT '修改人账户', PRIMARY KEY (id)) ENGINE=InnoDB DEFAULT CHARSET=utf8;
DROP TABLE sequence;
CREATE TABLE sequence (seqName varchar(50) NOT NULL COMMENT '序列名称', currentValue int NOT NULL COMMENT '当前序列值', increment int DEFAULT 1 NOT NULL COMMENT '序列增量', PRIMARY KEY (seqName), CONSTRAINT name UNIQUE (seqName)) ENGINE=InnoDB DEFAULT CHARSET=utf8 COMMENT='序列表，为表自动生产主键';
INSERT INTO sequence (seqName, currentValue, increment) VALUES ('global', 159, 1);
DROP TABLE treenode;
CREATE TABLE treenode (id bigint NOT NULL AUTO_INCREMENT COMMENT '主键', code varchar(50) COMMENT '节点编码', label varchar(50) COMMENT '节点编码', value varchar(100) COMMENT '节点编码', parentId bigint COMMENT '父编号', ancestorId bigint COMMENT '祖宗编号', yn int(1) COMMENT '是否有效', createTime datetime COMMENT '创建时间', createUser varchar(50) COMMENT '创建人账户', updateTime datetime COMMENT '修改时间', updateUser varchar(50) COMMENT '修改人账户', PRIMARY KEY (id)) ENGINE=InnoDB DEFAULT CHARSET=utf8;
INSERT INTO treenode (id, code, label, value, parentId, ancestorId, yn, createTime, createUser, updateTime, updateUser) VALUES (1, 'SEX', '性别', null, null, 1, 1, '2016-12-12 14:46:08', null, '2016-12-12 14:46:08', null);
INSERT INTO treenode (id, code, label, value, parentId, ancestorId, yn, createTime, createUser, updateTime, updateUser) VALUES (2, 'MARITAL', '婚姻状况', null, null, 2, 1, '2016-12-12 14:46:08', null, '2016-12-12 14:46:08', null);
INSERT INTO treenode (id, code, label, value, parentId, ancestorId, yn, createTime, createUser, updateTime, updateUser) VALUES (3, 'DEGREE', '学历', null, null, 3, 1, '2016-12-12 14:46:08', null, '2016-12-12 14:46:08', null);
INSERT INTO treenode (id, code, label, value, parentId, ancestorId, yn, createTime, createUser, updateTime, updateUser) VALUES (4, 'INDUSTRY', '行业', null, null, 4, 1, '2016-12-12 14:46:08', null, '2016-12-12 14:46:08', null);
INSERT INTO treenode (id, code, label, value, parentId, ancestorId, yn, createTime, createUser, updateTime, updateUser) VALUES (5, 'FUNCTION', '职能', null, null, 5, 1, '2016-12-12 14:46:08', null, '2016-12-12 14:46:08', null);
INSERT INTO treenode (id, code, label, value, parentId, ancestorId, yn, createTime, createUser, updateTime, updateUser) VALUES (6, 'POSITION', '职位', null, null, 6, 1, '2016-12-12 14:46:08', null, '2016-12-12 14:46:08', null);
INSERT INTO treenode (id, code, label, value, parentId, ancestorId, yn, createTime, createUser, updateTime, updateUser) VALUES (7, 'CITY', '城市', null, null, 7, 1, '2016-12-12 14:46:08', null, '2016-12-12 14:46:08', null);
INSERT INTO treenode (id, code, label, value, parentId, ancestorId, yn, createTime, createUser, updateTime, updateUser) VALUES (8, 'TAG', '标签', null, null, 8, 1, '2016-12-12 14:46:08', null, '2016-12-12 14:46:08', null);
INSERT INTO treenode (id, code, label, value, parentId, ancestorId, yn, createTime, createUser, updateTime, updateUser) VALUES (9, 'DEPARTMENT', '部门', null, null, 9, 1, '2016-12-12 14:46:08', null, '2016-12-12 14:46:08', null);
INSERT INTO treenode (id, code, label, value, parentId, ancestorId, yn, createTime, createUser, updateTime, updateUser) VALUES (10, 'COMPANY', '公司', null, null, 10, 1, '2016-12-12 14:46:08', null, '2016-12-12 14:46:08', null);
INSERT INTO treenode (id, code, label, value, parentId, ancestorId, yn, createTime, createUser, updateTime, updateUser) VALUES (11, 'JOB_HUNTING_STATUS', '求职状态', null, null, 11, 1, '2016-12-12 14:46:08', null, '2016-12-12 14:46:08', null);
INSERT INTO treenode (id, code, label, value, parentId, ancestorId, yn, createTime, createUser, updateTime, updateUser) VALUES (12, 'COMPANY_TYPE', '公司类型', null, null, 12, 1, '2016-12-12 14:46:08', null, '2016-12-12 14:46:08', null);
INSERT INTO treenode (id, code, label, value, parentId, ancestorId, yn, createTime, createUser, updateTime, updateUser) VALUES (13, 'COMPANY_FOLDER', '公司目录', null, null, 13, 1, '2016-12-12 14:46:08', null, '2016-12-12 14:46:08', null);
INSERT INTO treenode (id, code, label, value, parentId, ancestorId, yn, createTime, createUser, updateTime, updateUser) VALUES (14, 'COMPANY_NATURE', '公司性质', null, null, 14, 1, '2016-12-12 14:46:08', null, '2016-12-12 14:46:08', null);
INSERT INTO treenode (id, code, label, value, parentId, ancestorId, yn, createTime, createUser, updateTime, updateUser) VALUES (15, 'COMPANY_PROPERTY_RIGHT_STRUCTURE', '公司产权结构', null, null, 15, 1, '2016-12-12 14:46:08', null, '2016-12-12 14:46:08', null);
INSERT INTO treenode (id, code, label, value, parentId, ancestorId, yn, createTime, createUser, updateTime, updateUser) VALUES (16, 'CONTACT_IMPORTANT_LEVEL', '联系人重要级别', null, null, 16, 1, '2016-12-12 14:46:08', null, '2016-12-12 14:46:08', null);
INSERT INTO treenode (id, code, label, value, parentId, ancestorId, yn, createTime, createUser, updateTime, updateUser) VALUES (17, 'PROJECT_IMPORTANT_LEVEL', '项目重要级别', null, null, 17, 1, '2016-12-12 14:46:08', null, '2016-12-12 14:46:08', null);
INSERT INTO treenode (id, code, label, value, parentId, ancestorId, yn, createTime, createUser, updateTime, updateUser) VALUES (18, 'PROJECT_STATUS', '项目状态', null, null, 18, 1, '2016-12-12 14:46:08', null, '2016-12-12 14:46:08', null);
INSERT INTO treenode (id, code, label, value, parentId, ancestorId, yn, createTime, createUser, updateTime, updateUser) VALUES (19, 'LANGUAGE', '语言', null, null, 19, 1, '2016-12-23 15:50:12', null, '2016-12-23 15:50:12', null);
INSERT INTO treenode (id, code, label, value, parentId, ancestorId, yn, createTime, createUser, updateTime, updateUser) VALUES (20, 'NATIONALITY', '国籍', null, null, 20, 1, '2016-12-23 15:50:12', null, '2016-12-23 15:50:12', null);
INSERT INTO treenode (id, code, label, value, parentId, ancestorId, yn, createTime, createUser, updateTime, updateUser) VALUES (21, 'POSITION_PRIORITY', '职位优先级', null, null, 21, 1, '2016-12-23 15:50:12', null, '2016-12-23 15:50:12', null);
INSERT INTO treenode (id, code, label, value, parentId, ancestorId, yn, createTime, createUser, updateTime, updateUser) VALUES (22, 'POSITION_FAME_COMPANY_BACKGROUND', '名企背景', null, null, 22, 1, '2016-12-23 15:50:12', null, '2016-12-23 15:50:12', null);
INSERT INTO treenode (id, code, label, value, parentId, ancestorId, yn, createTime, createUser, updateTime, updateUser) VALUES (23, 'CANDIDATE_FOLDER', '人才目录', null, null, 23, 1, '2017-01-20 14:19:26', null, '2017-01-20 14:19:26', null);
INSERT INTO treenode (id, code, label, value, parentId, ancestorId, yn, createTime, createUser, updateTime, updateUser) VALUES (24, 'CANDIDATE_SOURCE', '人才来源', null, null, 24, 1, '2017-01-20 14:19:26', null, '2017-01-20 14:19:26', null);
INSERT INTO treenode (id, code, label, value, parentId, ancestorId, yn, createTime, createUser, updateTime, updateUser) VALUES (96, null, '男', null, 1, 1, 1, '2016-12-12 14:50:12', null, '2016-12-12 14:50:12', null);
INSERT INTO treenode (id, code, label, value, parentId, ancestorId, yn, createTime, createUser, updateTime, updateUser) VALUES (97, null, '女', null, 1, 1, 1, '2016-12-12 14:50:18', null, '2016-12-12 14:50:18', null);
INSERT INTO treenode (id, code, label, value, parentId, ancestorId, yn, createTime, createUser, updateTime, updateUser) VALUES (98, null, '已婚', null, 2, 2, 1, '2016-12-12 14:50:35', null, '2016-12-12 14:50:35', null);
INSERT INTO treenode (id, code, label, value, parentId, ancestorId, yn, createTime, createUser, updateTime, updateUser) VALUES (99, null, '未婚', null, 2, 2, 1, '2016-12-12 14:50:43', null, '2016-12-12 14:50:43', null);
INSERT INTO treenode (id, code, label, value, parentId, ancestorId, yn, createTime, createUser, updateTime, updateUser) VALUES (100, null, '离异', null, 2, 2, 1, '2016-12-12 14:50:48', null, '2016-12-12 14:50:48', null);
INSERT INTO treenode (id, code, label, value, parentId, ancestorId, yn, createTime, createUser, updateTime, updateUser) VALUES (101, null, '自动生成', null, 12, 12, 1, '2016-12-12 14:53:51', null, '2016-12-12 14:53:51', null);
INSERT INTO treenode (id, code, label, value, parentId, ancestorId, yn, createTime, createUser, updateTime, updateUser) VALUES (102, null, '普通公司', null, 12, 12, 1, '2016-12-12 14:54:04', null, '2016-12-12 14:54:04', null);
INSERT INTO treenode (id, code, label, value, parentId, ancestorId, yn, createTime, createUser, updateTime, updateUser) VALUES (103, null, '开发中公司', null, 12, 12, 1, '2016-12-12 14:54:10', null, '2016-12-12 14:54:10', null);
INSERT INTO treenode (id, code, label, value, parentId, ancestorId, yn, createTime, createUser, updateTime, updateUser) VALUES (104, null, '已签约客户', null, 12, 12, 1, '2016-12-12 14:54:30', null, '2016-12-12 14:54:30', null);
INSERT INTO treenode (id, code, label, value, parentId, ancestorId, yn, createTime, createUser, updateTime, updateUser) VALUES (105, null, '历史客户', null, 12, 12, 1, '2016-12-12 14:54:37', null, '2016-12-12 14:54:37', null);
INSERT INTO treenode (id, code, label, value, parentId, ancestorId, yn, createTime, createUser, updateTime, updateUser) VALUES (106, null, '医药', null, 4, 4, 1, '2016-12-12 14:55:37', null, '2016-12-12 14:55:37', null);
INSERT INTO treenode (id, code, label, value, parentId, ancestorId, yn, createTime, createUser, updateTime, updateUser) VALUES (107, null, '器械', null, 4, 4, 1, '2016-12-12 14:55:44', null, '2016-12-12 14:55:44', null);
INSERT INTO treenode (id, code, label, value, parentId, ancestorId, yn, createTime, createUser, updateTime, updateUser) VALUES (108, null, '北京', null, 7, 7, 1, '2016-12-12 14:55:55', null, '2016-12-12 14:55:55', null);
INSERT INTO treenode (id, code, label, value, parentId, ancestorId, yn, createTime, createUser, updateTime, updateUser) VALUES (109, null, '上海', null, 7, 7, 1, '2016-12-12 14:56:22', null, '2016-12-12 14:56:22', null);
INSERT INTO treenode (id, code, label, value, parentId, ancestorId, yn, createTime, createUser, updateTime, updateUser) VALUES (110, null, '国有企业', null, 14, 14, 1, '2016-12-12 14:56:42', null, '2016-12-12 14:56:42', null);
INSERT INTO treenode (id, code, label, value, parentId, ancestorId, yn, createTime, createUser, updateTime, updateUser) VALUES (111, null, '民营企业', null, 14, 14, 1, '2016-12-12 14:56:51', null, '2016-12-12 14:56:51', null);
INSERT INTO treenode (id, code, label, value, parentId, ancestorId, yn, createTime, createUser, updateTime, updateUser) VALUES (112, null, '外资企业', null, 14, 14, 1, '2016-12-12 14:57:02', null, '2016-12-12 14:57:02', null);
INSERT INTO treenode (id, code, label, value, parentId, ancestorId, yn, createTime, createUser, updateTime, updateUser) VALUES (113, null, '合资企业', null, 14, 14, 1, '2016-12-12 14:57:10', null, '2016-12-12 14:57:10', null);
INSERT INTO treenode (id, code, label, value, parentId, ancestorId, yn, createTime, createUser, updateTime, updateUser) VALUES (114, null, '独资', null, 15, 15, 1, '2016-12-12 14:59:05', null, '2016-12-12 14:59:05', null);
INSERT INTO treenode (id, code, label, value, parentId, ancestorId, yn, createTime, createUser, updateTime, updateUser) VALUES (115, null, '合伙', null, 15, 15, 1, '2016-12-12 14:59:11', null, '2016-12-12 14:59:11', null);
INSERT INTO treenode (id, code, label, value, parentId, ancestorId, yn, createTime, createUser, updateTime, updateUser) VALUES (116, null, '公司', null, 15, 15, 1, '2016-12-12 14:59:14', null, '2016-12-12 14:59:14', null);
INSERT INTO treenode (id, code, label, value, parentId, ancestorId, yn, createTime, createUser, updateTime, updateUser) VALUES (117, null, '国内', null, 13, 13, 1, '2016-12-15 18:56:54', null, '2016-12-15 18:56:54', null);
INSERT INTO treenode (id, code, label, value, parentId, ancestorId, yn, createTime, createUser, updateTime, updateUser) VALUES (118, null, '国际', null, 13, 13, 1, '2016-12-15 18:56:58', null, '2016-12-15 18:56:58', null);
INSERT INTO treenode (id, code, label, value, parentId, ancestorId, yn, createTime, createUser, updateTime, updateUser) VALUES (119, null, '知名企业', null, 117, 13, 1, '2016-12-15 18:57:10', null, '2016-12-15 18:57:10', null);
INSERT INTO treenode (id, code, label, value, parentId, ancestorId, yn, createTime, createUser, updateTime, updateUser) VALUES (120, null, '一般企业', null, 13, 13, 0, '2016-12-15 18:57:19', null, '2016-12-15 18:57:19', null);
INSERT INTO treenode (id, code, label, value, parentId, ancestorId, yn, createTime, createUser, updateTime, updateUser) VALUES (121, null, '一般企业', null, 117, 13, 1, '2016-12-15 18:57:36', null, '2016-12-15 18:57:36', null);
INSERT INTO treenode (id, code, label, value, parentId, ancestorId, yn, createTime, createUser, updateTime, updateUser) VALUES (122, null, '500强', null, 118, 13, 1, '2016-12-15 18:57:46', null, '2016-12-15 18:57:46', null);
INSERT INTO treenode (id, code, label, value, parentId, ancestorId, yn, createTime, createUser, updateTime, updateUser) VALUES (123, null, '非500强', null, 118, 13, 1, '2016-12-15 18:57:55', null, '2016-12-15 18:57:55', null);
INSERT INTO treenode (id, code, label, value, parentId, ancestorId, yn, createTime, createUser, updateTime, updateUser) VALUES (124, null, '非常重要', null, 16, 16, 1, '2016-12-21 00:02:22', null, '2016-12-21 00:02:22', null);
INSERT INTO treenode (id, code, label, value, parentId, ancestorId, yn, createTime, createUser, updateTime, updateUser) VALUES (125, null, '一般', null, 16, 16, 1, '2016-12-21 00:02:29', null, '2016-12-21 00:02:29', null);
INSERT INTO treenode (id, code, label, value, parentId, ancestorId, yn, createTime, createUser, updateTime, updateUser) VALUES (126, null, '金融分析', null, 5, 5, 1, '2016-12-23 15:36:23', null, '2016-12-23 15:36:23', null);
INSERT INTO treenode (id, code, label, value, parentId, ancestorId, yn, createTime, createUser, updateTime, updateUser) VALUES (127, null, '程序开发', null, 5, 5, 1, '2016-12-23 15:36:30', null, '2016-12-23 15:36:30', null);
INSERT INTO treenode (id, code, label, value, parentId, ancestorId, yn, createTime, createUser, updateTime, updateUser) VALUES (128, null, '中文', null, 19, 19, 1, '2016-12-23 15:50:42', null, '2016-12-23 15:50:42', null);
INSERT INTO treenode (id, code, label, value, parentId, ancestorId, yn, createTime, createUser, updateTime, updateUser) VALUES (129, null, '英语', null, 19, 19, 1, '2016-12-23 15:50:48', null, '2016-12-23 15:50:48', null);
INSERT INTO treenode (id, code, label, value, parentId, ancestorId, yn, createTime, createUser, updateTime, updateUser) VALUES (130, null, '技术好', null, 8, 8, 1, '2016-12-23 15:50:59', null, '2016-12-23 15:50:59', null);
INSERT INTO treenode (id, code, label, value, parentId, ancestorId, yn, createTime, createUser, updateTime, updateUser) VALUES (131, null, '内向', null, 8, 8, 1, '2016-12-23 15:51:05', null, '2016-12-23 15:51:05', null);
INSERT INTO treenode (id, code, label, value, parentId, ancestorId, yn, createTime, createUser, updateTime, updateUser) VALUES (132, null, '中国', null, 20, 20, 1, '2016-12-23 15:51:14', null, '2016-12-23 15:51:14', null);
INSERT INTO treenode (id, code, label, value, parentId, ancestorId, yn, createTime, createUser, updateTime, updateUser) VALUES (133, null, '美国', null, 20, 20, 1, '2016-12-23 15:51:19', null, '2016-12-23 15:51:19', null);
INSERT INTO treenode (id, code, label, value, parentId, ancestorId, yn, createTime, createUser, updateTime, updateUser) VALUES (134, null, '软件开发工程师', null, 6, 6, 1, '2016-12-23 15:51:29', null, '2016-12-23 15:51:29', null);
INSERT INTO treenode (id, code, label, value, parentId, ancestorId, yn, createTime, createUser, updateTime, updateUser) VALUES (135, null, '产品经理', null, 6, 6, 1, '2016-12-23 15:51:35', null, '2016-12-23 15:51:35', null);
INSERT INTO treenode (id, code, label, value, parentId, ancestorId, yn, createTime, createUser, updateTime, updateUser) VALUES (136, null, '本科', null, 3, 3, 1, '2016-12-23 15:51:45', null, '2016-12-23 15:51:45', null);
INSERT INTO treenode (id, code, label, value, parentId, ancestorId, yn, createTime, createUser, updateTime, updateUser) VALUES (137, null, '研究生', null, 3, 3, 1, '2016-12-23 15:51:50', null, '2016-12-23 15:51:50', null);
INSERT INTO treenode (id, code, label, value, parentId, ancestorId, yn, createTime, createUser, updateTime, updateUser) VALUES (138, null, '博士', null, 3, 3, 1, '2016-12-23 15:51:55', null, '2016-12-23 15:51:55', null);
INSERT INTO treenode (id, code, label, value, parentId, ancestorId, yn, createTime, createUser, updateTime, updateUser) VALUES (139, null, '已离职', null, 11, 11, 1, '2016-12-23 15:52:11', null, '2016-12-23 15:52:11', null);
INSERT INTO treenode (id, code, label, value, parentId, ancestorId, yn, createTime, createUser, updateTime, updateUser) VALUES (140, null, '接到offer', null, 11, 11, 1, '2016-12-23 15:52:22', null, '2016-12-23 15:52:22', null);
INSERT INTO treenode (id, code, label, value, parentId, ancestorId, yn, createTime, createUser, updateTime, updateUser) VALUES (141, null, '非常重要', null, 21, 21, 1, '2016-12-23 15:52:38', null, '2016-12-23 15:52:38', null);
INSERT INTO treenode (id, code, label, value, parentId, ancestorId, yn, createTime, createUser, updateTime, updateUser) VALUES (142, null, '一般重要', null, 21, 21, 1, '2016-12-23 15:52:45', null, '2016-12-23 15:52:45', null);
INSERT INTO treenode (id, code, label, value, parentId, ancestorId, yn, createTime, createUser, updateTime, updateUser) VALUES (143, null, '500强', null, 22, 22, 1, '2016-12-23 15:52:54', null, '2016-12-23 15:52:54', null);
INSERT INTO treenode (id, code, label, value, parentId, ancestorId, yn, createTime, createUser, updateTime, updateUser) VALUES (144, null, '央企', null, 22, 22, 1, '2016-12-23 15:53:03', null, '2016-12-23 15:53:03', null);
INSERT INTO treenode (id, code, label, value, parentId, ancestorId, yn, createTime, createUser, updateTime, updateUser) VALUES (145, null, '紧急', null, 17, 17, 1, '2016-12-23 15:53:17', null, '2016-12-23 15:53:17', null);
INSERT INTO treenode (id, code, label, value, parentId, ancestorId, yn, createTime, createUser, updateTime, updateUser) VALUES (146, null, '一般', null, 17, 17, 1, '2016-12-23 15:53:21', null, '2016-12-23 15:53:21', null);
INSERT INTO treenode (id, code, label, value, parentId, ancestorId, yn, createTime, createUser, updateTime, updateUser) VALUES (147, null, '进行中', null, 18, 18, 1, '2016-12-23 15:53:28', null, '2016-12-23 15:53:28', null);
INSERT INTO treenode (id, code, label, value, parentId, ancestorId, yn, createTime, createUser, updateTime, updateUser) VALUES (148, null, '完成', null, 18, 18, 1, '2016-12-23 15:53:33', null, '2016-12-23 15:53:33', null);
INSERT INTO treenode (id, code, label, value, parentId, ancestorId, yn, createTime, createUser, updateTime, updateUser) VALUES (149, null, '苹果', null, 10, 10, 1, '2016-12-23 15:54:03', null, '2016-12-23 15:54:03', null);
INSERT INTO treenode (id, code, label, value, parentId, ancestorId, yn, createTime, createUser, updateTime, updateUser) VALUES (150, null, '谷歌', null, 10, 10, 1, '2016-12-23 15:54:09', null, '2016-12-23 15:54:09', null);
INSERT INTO treenode (id, code, label, value, parentId, ancestorId, yn, createTime, createUser, updateTime, updateUser) VALUES (153, null, '计算机', null, 23, 23, 1, '2017-01-20 14:20:07', null, '2017-01-20 14:20:07', null);
INSERT INTO treenode (id, code, label, value, parentId, ancestorId, yn, createTime, createUser, updateTime, updateUser) VALUES (154, null, '医疗', null, 23, 23, 1, '2017-01-20 14:20:14', null, '2017-01-20 14:20:14', null);
INSERT INTO treenode (id, code, label, value, parentId, ancestorId, yn, createTime, createUser, updateTime, updateUser) VALUES (155, null, '内部推荐', null, 24, 24, 1, '2017-01-20 14:20:24', null, '2017-01-20 14:20:24', null);
INSERT INTO treenode (id, code, label, value, parentId, ancestorId, yn, createTime, createUser, updateTime, updateUser) VALUES (156, null, '社招', null, 24, 24, 1, '2017-01-20 14:20:30', null, '2017-01-20 14:20:30', null);
INSERT INTO treenode (id, code, label, value, parentId, ancestorId, yn, createTime, createUser, updateTime, updateUser) VALUES (157, null, '校招', null, 24, 24, 1, '2017-01-20 14:20:45', null, '2017-01-20 14:20:45', null);
DROP TABLE user;
CREATE TABLE user (id bigint NOT NULL AUTO_INCREMENT COMMENT '主键', username varchar(50) COMMENT '登录账号', password varchar(50) COMMENT '密码', realName varchar(50) COMMENT '真实姓名', resumeId bigint COMMENT 'candidate主键', yn int(1) COMMENT '是否有效', createTime datetime COMMENT '创建时间', createUser varchar(50) COMMENT '创建人账户', updateTime datetime COMMENT '修改时间', updateUser varchar(50) COMMENT '修改人账户', PRIMARY KEY (id)) ENGINE=InnoDB DEFAULT CHARSET=utf8;
INSERT INTO user (id, username, password, realName, resumeId, yn, createTime, createUser, updateTime, updateUser) VALUES (1, 'wanger', '1', '王二', 1, 1, null, null, null, null);
INSERT INTO user (id, username, password, realName, resumeId, yn, createTime, createUser, updateTime, updateUser) VALUES (2, 'zhangsan', '1', '张三', 2, 1, null, null, null, null);
INSERT INTO user (id, username, password, realName, resumeId, yn, createTime, createUser, updateTime, updateUser) VALUES (3, 'lisi', '1', '李四', 3, 1, null, null, null, null);
DROP TABLE workexperience;
CREATE TABLE workexperience (id bigint NOT NULL AUTO_INCREMENT COMMENT '工作经历编号,主键', candidateId bigint COMMENT '人才，外键', company varchar(100) COMMENT '公司名称', startDate date COMMENT '开始日期', endDate date COMMENT '结束日期', position varchar(100) COMMENT '职位', responsibility varchar(500) COMMENT '职责', PRIMARY KEY (id)) ENGINE=InnoDB DEFAULT CHARSET=utf8 COMMENT='工作经历';
